model,source,epochs,accuracy,macro_f1,Wake_support,N1_support,N2_support,N3_support,REM_support
random_forest,ISRUC-III,1678,0.6495828367103695,0.6186075005472914,445,207,501,354,171
random_forest,MIT-BIH,1331,0.6160781367392938,0.4827555521521584,437,376,374,7,137
eeg_attention,ISRUC-III,1678,0.5852205005959475,0.5774879423653383,445,207,501,354,171
eeg_attention,MIT-BIH,1331,0.5972952667167544,0.4334050191701541,437,376,374,7,137
sleep_transformer,ISRUC-III,1678,0.6585220500595947,0.593980400032095,445,207,501,354,171
sleep_transformer,MIT-BIH,1331,0.6867017280240421,0.5052310271247051,437,376,374,7,137
eeg_sequence,ISRUC-III,1678,0.6483909415971395,0.6248326430913713,445,207,501,354,171
eeg_sequence,MIT-BIH,1331,0.5664913598797896,0.44126495643336616,437,376,374,7,137
fusion_concat,ISRUC-III,1678,0.6710369487485102,0.6479842672762819,445,207,501,354,171
fusion_concat,MIT-BIH,1331,0.5259203606311045,0.42367424114413443,437,376,374,7,137
fusion_cross,ISRUC-III,1678,0.7032181168057211,0.6724999297834133,445,207,501,354,171
fusion_cross,MIT-BIH,1331,0.45755071374906087,0.32864850351143987,437,376,374,7,137
