model,subject,epochs,accuracy,macro_f1,Wake_support,N1_support,N2_support,N3_support,REM_support
random_forest,ISRUC-III-04,764,0.5654450261780105,0.5344822774771881,144,137,234,159,90
random_forest,ISRUC-III-05,914,0.7199124726477024,0.6593722222222221,301,70,267,195,81
random_forest,MIT-slp02,621,0.6634460547504025,0.379755620975391,151,32,325,7,106
random_forest,MIT-slp60,710,0.5746478873239437,0.3708984276300183,286,344,49,0,31
eeg_attention,ISRUC-III-04,764,0.5405759162303665,0.5258224970196614,144,137,234,159,90
eeg_attention,ISRUC-III-05,914,0.6225382932166302,0.6087717261176548,301,70,267,195,81
eeg_attention,MIT-slp02,621,0.5587761674718197,0.3456866961449455,151,32,325,7,106
eeg_attention,MIT-slp60,710,0.6309859154929578,0.36464934233413404,286,344,49,0,31
sleep_transformer,ISRUC-III-04,764,0.5445026178010471,0.5101050085917767,144,137,234,159,90
sleep_transformer,ISRUC-III-05,914,0.7538293216630197,0.6467308468746595,301,70,267,195,81
sleep_transformer,MIT-slp02,621,0.6843800322061192,0.38655185029876543,151,32,325,7,106
sleep_transformer,MIT-slp60,710,0.6887323943661972,0.42447937059585394,286,344,49,0,31
eeg_sequence,ISRUC-III-04,764,0.6256544502617801,0.6036253126374114,144,137,234,159,90
eeg_sequence,ISRUC-III-05,914,0.6673960612691466,0.6261883482316334,301,70,267,195,81
eeg_sequence,MIT-slp02,621,0.4943639291465378,0.34119460522564904,151,32,325,7,106
eeg_sequence,MIT-slp60,710,0.6295774647887324,0.3710440335854851,286,344,49,0,31
fusion_concat,ISRUC-III-04,764,0.6767015706806283,0.6618076108398517,144,137,234,159,90
fusion_concat,ISRUC-III-05,914,0.6663019693654267,0.622981486437161,301,70,267,195,81
fusion_concat,MIT-slp02,621,0.5410628019323671,0.36871581507737117,151,32,325,7,106
fusion_concat,MIT-slp60,710,0.5126760563380282,0.35501518419138867,286,344,49,0,31
fusion_cross,ISRUC-III-04,764,0.731675392670157,0.7140911643805217,144,137,234,159,90
fusion_cross,ISRUC-III-05,914,0.6794310722100656,0.6285234065771591,301,70,267,195,81
fusion_cross,MIT-slp02,621,0.48148148148148145,0.269071090900905,151,32,325,7,106
fusion_cross,MIT-slp60,710,0.43661971830985913,0.2923715547369582,286,344,49,0,31
