epoch,train_loss,train_accuracy,learning_rate,seconds
1,0.9080362149085439,0.6053549901655987,0.0003,2.9024951999999757
2,0.708436293227896,0.6944990800076137,0.00029956072005697074,3.0116963000000396
3,0.6565608631746924,0.712137554723685,0.00029824558853480714,3.058298300000388
4,0.628788809101334,0.7264132986485629,0.0002960627136566689,2.9982264999998733
5,0.5806232879276195,0.7476048474081594,0.0002930255535720594,2.8725085000005492
6,0.5414196524846357,0.756677875769304,0.0002891528333828583,3.267739099999744
7,0.5245211982808737,0.7631495463485819,0.00028446842969684236,3.420705700000326
8,0.49658311853462667,0.7736184252268257,0.0002790012234204581,3.288041499999963
9,0.46975509039256397,0.7825645580864158,0.00027278492169842996,3.204024999999092
10,0.448306686483689,0.7904955269335702,0.00026585785009800435,3.3059228000001895
11,0.42463189666589335,0.8060402258739928,0.000258262716319083,3.466611899999407
12,0.41054081132467773,0.8148594632320284,0.00025004634688705117,3.3255387999997765
13,0.3863208911630846,0.823932491593173,0.00024125939845167743,3.447137000001021
14,0.3759008495420847,0.8283738341475795,0.0002319560454720227,3.3582734999999957
15,0.3568671590959229,0.8371930715056152,0.00022219364621288543,3.7419824000007793
16,0.3402369101711143,0.846075756614428,0.00021203238911202533,3.2652202999997826
17,0.33129283465503184,0.848486771143963,0.00020153492169843005,3.3537657000015315
18,0.31506611102747967,0.8564811877418945,0.00019076596434946657,3.3360867999999755
19,0.3019389388145026,0.8644756043398262,0.00017979191126823296,3.258587999998781
20,0.2909248307868238,0.8688534991434553,0.00016868042114121797,3.167103200001293
21,0.2787359456690834,0.8735486327009707,0.0001575000000000001,3.268912999999884
22,0.2691965938837847,0.8775458409999366,0.0001463195788587822,3.3623306000008597
23,0.25708705596457987,0.8839540638284373,0.00013520808873176724,3.2064059999993333
24,0.24935522305183352,0.8904257344077152,0.00012423403565053358,3.2554650000001857
25,0.23629117496044577,0.8941057039527949,0.00011346507830157007,3.3416023000008863
26,0.23178824574562673,0.8954381067191168,0.00010296761088797477,3.184316200000467
27,0.21982519927722807,0.9012752997906224,9.280635378711464e-05,3.315341499999704
28,0.21223228079038226,0.9045745828310386,8.304395452797734e-05,3.286402400000952
29,0.20649250938303768,0.9083814478776727,7.374060154832264e-05,3.2636846999994304
30,0.19771861859660078,0.9123152084258613,6.495365311294888e-05,3.523817600000257
31,0.19628576035124723,0.9116172831673117,5.6737283680917016e-05,3.635587200000373
32,0.19155503677562458,0.9159317302201637,4.914214990199561e-05,3.448019999999815
33,0.18334772658808704,0.9199289385191295,4.221507830157002e-05,3.2134475000002567
34,0.18172638361246465,0.9189137745066938,3.599877657954188e-05,3.2630272999995213
35,0.17532545364019902,0.9203096250237929,3.05315703031576e-05,3.2085014000003866
36,0.17060220494075035,0.9258930270921896,2.5847166617141645e-05,3.2381466000006185
37,0.1674942086662831,0.9261468180952985,2.1974446427940625e-05,3.2655674000016006
38,0.16649714533572163,0.9276061163631749,1.893728634333109e-05,3.1641249999993306
39,0.16575727357597234,0.9251316540828628,1.6754411465192883e-05,3.1510428999990836
40,0.16324118035001944,0.9267812956030709,1.5439279943029264e-05,3.329092699999819
