variant,seed,epoch,train_loss,train_accuracy,learning_rate,seconds
A0,2026,1,0.9453762117341935,0.5861937694308736,0.0003,3.628693300001032
A0,2026,2,0.7205997261837815,0.6890425734407716,0.00029956072005697074,3.6140816000006453
A0,2026,3,0.6583872977628842,0.7196243893153987,0.00029824558853480714,3.560047700000723
A0,2026,4,0.6149830564948238,0.7321870439692912,0.0002960627136566689,3.5748588999995263
A0,2026,5,0.5696172896931222,0.7503331006915804,0.0002930255535720594,3.663846499999636
A0,2026,6,0.544511051874885,0.7578833830340714,0.0002891528333828583,3.753469100000075
A0,2026,7,0.518444603734131,0.7673370978998795,0.00028446842969684236,3.13841020000109
A0,2026,8,0.5002478405830408,0.7714612017003997,0.0002790012234204581,3.279802099998051
A0,2026,9,0.47213525178657706,0.78637142313305,0.00027278492169842996,3.4102081000019098
A0,2026,10,0.4591403275068305,0.7929065414631051,0.00026585785009800435,3.7747066999982053
A0,2026,11,0.42849867909448974,0.8021699130765815,0.000258262716319083,3.3131543999988935
A0,2026,12,0.41883781816850313,0.8083243449019732,0.00025004634688705117,3.287168399998336
A0,2026,13,0.3949472956469531,0.818793223780217,0.00024125939845167743,3.125648599998385
A0,2026,14,0.3861245844624504,0.8229807753315145,0.0002319560454720227,3.1179836000010255
A0,2026,15,0.36654813305072,0.8309117441786689,0.00022219364621288543,3.3302671000019473
A0,2026,16,0.34992811765695964,0.837446862508724,0.00021203238911202533,3.360124300001189
A0,2026,17,0.33879497430116706,0.845250935854324,0.00020153492169843005,3.1799458999994386
A0,2026,18,0.3249770298729723,0.8519129496859337,0.00019076596434946657,3.3865742000016326
A0,2026,19,0.3138858818624401,0.8576866950066621,0.00017979191126823296,3.08738049999738
A0,2026,20,0.29848826859408956,0.8654907683522619,0.00016868042114121797,3.0922414000015124
A0,2026,21,0.283521616338254,0.8682824693864603,0.0001575000000000001,3.4009913000008964
A0,2026,22,0.28107463269310173,0.8724700209377577,0.0001463195788587822,3.0849929000032716
A0,2026,23,0.26304821521525956,0.8809720195419073,0.00013520808873176724,3.0668971999984933
A0,2026,24,0.25598430083201296,0.8821140790558974,0.00012423403565053358,3.1715661000016553
A0,2026,25,0.25138728766446905,0.8861747351056405,0.00011346507830157007,3.1075927000019874
A0,2026,26,0.23768219749989997,0.8916312416724828,0.00010296761088797477,3.2306434999991325
A0,2026,27,0.22702657290729092,0.8960725842268892,9.280635378711464e-05,3.1337467999983346
A0,2026,28,0.2259917395804771,0.8992449717657509,8.304395452797734e-05,3.061025900002278
A0,2026,29,0.2110172822682902,0.9047014783325931,7.374060154832264e-05,3.1572277000013855
A0,2026,30,0.20925716776891254,0.9083180001268955,6.495365311294888e-05,3.3657822999994096
A0,2026,31,0.20419254675332638,0.9066683586066874,5.6737283680917016e-05,3.0958289000009245
A0,2026,32,0.19723101389959496,0.9114903876657573,4.914214990199561e-05,3.226684599998407
A0,2026,33,0.19250568624045308,0.9136476111921832,4.221507830157002e-05,3.127931899998657
A0,2026,34,0.18797604836763204,0.9155510437155003,3.599877657954188e-05,3.0104673000023467
A0,2026,35,0.18182013898635982,0.9179620582450352,3.05315703031576e-05,2.969274899998709
A0,2026,36,0.18266621283181358,0.9173910284880401,2.5847166617141645e-05,2.999863999997615
A0,2026,37,0.17922419832258174,0.9207537592792335,2.1974446427940625e-05,3.2370541999989655
A0,2026,38,0.17746854481638238,0.9196751475160205,1.893728634333109e-05,3.034237799998664
A0,2026,39,0.1762378999204565,0.9208806547807881,1.6754411465192883e-05,3.320388099997217
A0,2026,40,0.17592738352464954,0.9211978935346742,1.5439279943029264e-05,3.2316905000006955
