variant,condition,accuracy_mean,accuracy_std,macro_f1_mean,macro_f1_std,balanced_accuracy_mean,balanced_accuracy_std,kappa_mean,kappa_std
A0,hrv_missing,0.6705439237842029,0.0024496891976842567,0.5990796619665391,0.002933568005804868,0.5850263972737874,0.0021073474678435333,0.563794275773664,0.001948114615585926
A0,normal,0.6705439237842029,0.0024496891976842567,0.5990796619665391,0.002933568005804868,0.5850263972737874,0.0021073474678435333,0.563794275773664,0.001948114615585926
A1,hrv_missing,0.6722056054060043,0.0182401886631841,0.6171358852032213,0.022088513525999345,0.6032910762514244,0.0213910651581101,0.568793404776903,0.024309481085360574
A1,normal,0.6722056054060043,0.0182401886631841,0.6171358852032213,0.022088513525999345,0.6032910762514244,0.0213910651581101,0.568793404776903,0.024309481085360574
A2,hrv_missing,0.23385399357483105,0.09862347569407365,0.07435841174475212,0.027288241417599224,0.20000000000000004,0.0,0.0,0.0
A2,normal,0.3635759388501163,0.024018054456835698,0.3001855490100982,0.031146772244689737,0.3146161158695613,0.03175378956588707,0.15397804255079206,0.03226610966475169
A3,hrv_missing,0.6088401462279828,0.03024260551678298,0.534706350696386,0.04501218134267487,0.5328645914170251,0.04493780796023492,0.4812026003692644,0.04556832058903674
A3,normal,0.6399689819430597,0.02136882078453379,0.5788878470613537,0.03481840241505023,0.5654463510546299,0.03492878328730243,0.5221539523031339,0.03028380572227621
A4,hrv_missing,0.5876814002437133,0.0084490151614793,0.5212868990787891,0.010915835186814302,0.5116093132361031,0.010359386688240043,0.45472868543530104,0.012394516160690984
A4,normal,0.6377534064473247,0.01468685928480183,0.5900436658548589,0.018768088941320905,0.577108220568689,0.02196356838391358,0.5204623136768961,0.021494049669104644
A5,hrv_missing,0.6561426830619254,0.006031087886924178,0.5952142707762116,0.012544938671626604,0.5823369320124993,0.009746439469523391,0.547629215671457,0.007063444380389892
A5,normal,0.6444001329345297,0.008058727585897076,0.5866368587878511,0.00991414409694015,0.5708953734696632,0.010828323319786526,0.5280805344425563,0.011744829152782488
A6,hrv_missing,0.6543702226653373,0.008058727585897088,0.5963722603991518,0.01082892806971643,0.5815298504123376,0.01169511265730068,0.5449396645874077,0.012445212921779487
A6,normal,0.6396366456186995,0.006829760780679446,0.5833500353329604,0.0037878577975350423,0.5691821001250782,0.00379745758766182,0.5232222598151508,0.007266211135075758
