record,split,detected_beats,quality_mean,reference_beats,matched_beats,beat_precision,beat_recall,beat_f1,tolerance_seconds
MIT-slp01a,train,7816,"[0.9991773410811855, 0.9996781461216608, 0.9811715481171548]",7806.0,7806.0,0.998720573183214,1.0,0.9993598770964026,0.15
MIT-slp01b,train,11486,"[0.9938233406030749, 0.9994658119658119, 0.9875]",11467.0,11438.0,0.9958209994776248,0.997471003749891,0.996645318694724,0.15
MIT-slp02a,test,16221,"[0.992569566127769, 0.9998907342657343, 0.9886363636363636]",16145.0,16094.0,0.9921706429936502,0.9968411272839888,0.9945004016560588,0.15
MIT-slp02b,test,11425,"[0.9866608435683785, 0.9995710609093508, 0.983271375464684]",11315.0,11265.0,0.9859956236323852,0.9955810870525852,0.9907651715039578,0.15
MIT-slp03,train,25564,"[0.9870658079926878, 0.9995192307692307, 0.99375]",24917.0,24911.0,0.9744562666249412,0.999759200545812,0.9869455834868563,0.15
MIT-slp04,train,27261,"[0.9903295659897096, 0.9998397435897436, 0.99375]",27029.0,26992.0,0.9901324236088184,0.9986310999297052,0.9943636028734572,0.15
MIT-slp14,train,23137,"[0.9910266793883782, 0.9998381702449023, 0.9991584852734923]",22920.0,22888.0,0.9892380170290012,0.9986038394415356,0.993898864450572,0.15
MIT-slp16,train,27939,"[0.9859802972327171, 0.9997783196630459, 1.0]",27604.0,27526.0,0.9852177959125236,0.9971743225619476,0.9911600021604884,0.15
MIT-slp32,train,21887,"[0.9930339844790484, 0.9995192307692307, 0.99296875]",21718.0,21695.0,0.9912276693927904,0.998940970623446,0.9950693727783512,0.15
MIT-slp37,train,30643,"[0.998499578284168, 0.9996142825655718, 0.9959885386819485]",30611.0,30593.0,0.9983683059752636,0.9994119760870276,0.9988898684167564,0.15
MIT-slp41,train,25925,"[0.9984095764138944, 0.9996548323471399, 0.9942307692307693]",25884.0,25861.0,0.9975313404050145,0.999111420182352,0.9983207550811636,0.15
MIT-slp45,train,27795,"[0.9956714909050219, 0.9994912494912496, 0.9940476190476191]",27686.0,27665.0,0.9953228998021226,0.9992414938958318,0.997278347542402,0.15
MIT-slp48,train,24798,"[0.9965113810182368, 0.9996959562176952, 0.9940711462450593]",24711.0,24702.0,0.9961287200580692,0.9996357897292704,0.997879173483609,0.15
MIT-slp59,train,16901,"[1.0, 0.999916022841787, 1.0]",16901.0,16901.0,1.0,1.0,1.0,0.15
MIT-slp60,test,25810,"[0.9870713841910446, 0.9994041170097506, 0.9936619718309859]",25017.0,25017.0,0.9692754746222394,1.0,0.9843980561512582,0.15
MIT-slp61,train,25464,"[0.9999285550240318, 0.9998931623931624, 1.0]",25482.0,25457.0,0.9997251021049324,0.9990189153127698,0.9993718839555608,0.15
MIT-slp66,train,15775,"[1.0, 0.9998247765901525, 0.989749430523918]",15775.0,15775.0,1.0,1.0,1.0,0.15
MIT-slp67x,train,5374,"[1.0, 0.9995004995004996, 0.9707792207792207]",5374.0,5374.0,1.0,1.0,1.0,0.15
ISRUC-III-01,train,30817,"[0.9870545731030984, 0.9995004995004994, 0.9951298701298701]",,,,,,
ISRUC-III-02,train,30185,"[0.985845507771585, 0.9994511525795827, 0.9950603732162459]",,,,,,
ISRUC-III-03,train,23585,"[0.9947521522988382, 0.9990796357295095, 0.9943324937027708]",,,,,,
ISRUC-III-04,test,26323,"[0.9934572957618364, 0.999597261377366, 0.9941099476439791]",,,,,,
ISRUC-III-05,test,36676,"[0.9221650013107392, 0.9519020366941611, 0.9950765864332604]",,,,,,
ISRUC-III-06,train,27352,"[0.9953988292940522, 0.9991120665482753, 0.9945321992709599]",,,,,,
ISRUC-III-07,train,26371,"[0.9826561129282368, 0.9996075353218209, 0.9942602040816326]",,,,,,
ISRUC-III-08,train,35843,"[0.9908893652125195, 0.9991673275178428, 0.9953608247422681]",,,,,,
ISRUC-III-09,train,27623,"[0.9879967181593259, 0.9994265585319897, 0.9952076677316294]",,,,,,
ISRUC-III-10,train,27718,"[0.9764976368701953, 0.9997991564571198, 0.9941253263707572]",,,,,,
