variant,seed,condition,stage,precision,recall,f1,support
A0,42,normal,Wake,0.7776606954689147,0.8367346938775511,0.8061168760240306,882
A0,42,normal,N1,0.5125164690382081,0.6672384219554031,0.5797317436661699,583
A0,42,normal,N2,0.6992790937178167,0.776,0.7356446370530878,875
A0,42,normal,N3,1.0,0.42105263157894735,0.5925925925925926,361
A0,42,normal,REM,0.38202247191011235,0.22077922077922077,0.27983539094650206,308
A0,123,normal,Wake,0.7733598409542743,0.8820861678004536,0.8241525423728814,882
A0,123,normal,N1,0.5128900949796472,0.6483704974271012,0.5727272727272728,583
A0,123,normal,N2,0.7235023041474654,0.7177142857142857,0.7205966724039014,875
A0,123,normal,N3,0.9771428571428571,0.47368421052631576,0.6380597014925373,361
A0,123,normal,REM,0.26905829596412556,0.19480519480519481,0.22598870056497175,308
A0,2026,normal,Wake,0.8053763440860215,0.8492063492063492,0.826710816777042,882
A0,2026,normal,N1,0.5066844919786097,0.6500857632933105,0.569496619083396,583
A0,2026,normal,N2,0.692972972972973,0.7325714285714285,0.7122222222222222,875
A0,2026,normal,N3,0.9832402234636871,0.48753462603878117,0.6518518518518519,361
A0,2026,normal,REM,0.29515418502202645,0.21753246753246752,0.2504672897196262,308
A0,ensemble,normal,Wake,0.7995867768595041,0.8775510204081632,0.8367567567567568,882
A0,ensemble,normal,N1,0.544,0.6998284734133791,0.6121530382595649,583
A0,ensemble,normal,N2,0.7262032085561497,0.776,0.7502762430939226,875
A0,ensemble,normal,N3,0.9939024390243902,0.4515235457063712,0.6209523809523809,361
A0,ensemble,normal,REM,0.3125,0.19480519480519481,0.24,308
A0,42,hrv_missing,Wake,0.7776606954689147,0.8367346938775511,0.8061168760240306,882
A0,42,hrv_missing,N1,0.5125164690382081,0.6672384219554031,0.5797317436661699,583
A0,42,hrv_missing,N2,0.6992790937178167,0.776,0.7356446370530878,875
A0,42,hrv_missing,N3,1.0,0.42105263157894735,0.5925925925925926,361
A0,42,hrv_missing,REM,0.38202247191011235,0.22077922077922077,0.27983539094650206,308
A0,123,hrv_missing,Wake,0.7733598409542743,0.8820861678004536,0.8241525423728814,882
A0,123,hrv_missing,N1,0.5128900949796472,0.6483704974271012,0.5727272727272728,583
A0,123,hrv_missing,N2,0.7235023041474654,0.7177142857142857,0.7205966724039014,875
A0,123,hrv_missing,N3,0.9771428571428571,0.47368421052631576,0.6380597014925373,361
A0,123,hrv_missing,REM,0.26905829596412556,0.19480519480519481,0.22598870056497175,308
A0,2026,hrv_missing,Wake,0.8053763440860215,0.8492063492063492,0.826710816777042,882
A0,2026,hrv_missing,N1,0.5066844919786097,0.6500857632933105,0.569496619083396,583
A0,2026,hrv_missing,N2,0.692972972972973,0.7325714285714285,0.7122222222222222,875
A0,2026,hrv_missing,N3,0.9832402234636871,0.48753462603878117,0.6518518518518519,361
A0,2026,hrv_missing,REM,0.29515418502202645,0.21753246753246752,0.2504672897196262,308
A0,ensemble,hrv_missing,Wake,0.7995867768595041,0.8775510204081632,0.8367567567567568,882
A0,ensemble,hrv_missing,N1,0.544,0.6998284734133791,0.6121530382595649,583
A0,ensemble,hrv_missing,N2,0.7262032085561497,0.776,0.7502762430939226,875
A0,ensemble,hrv_missing,N3,0.9939024390243902,0.4515235457063712,0.6209523809523809,361
A0,ensemble,hrv_missing,REM,0.3125,0.19480519480519481,0.24,308
A1,42,normal,Wake,0.8438576349024111,0.8333333333333334,0.838562464346834,882
A1,42,normal,N1,0.5460526315789473,0.7118353344768439,0.6180193596425912,583
A1,42,normal,N2,0.7092511013215859,0.736,0.7223780145821649,875
A1,42,normal,N3,0.9411764705882353,0.48753462603878117,0.6423357664233577,361
A1,42,normal,REM,0.3568904593639576,0.32792207792207795,0.34179357021996615,308
A1,123,normal,Wake,0.7745197168857432,0.8684807256235828,0.8188134687332977,882
A1,123,normal,N1,0.49783549783549785,0.5917667238421955,0.5407523510971787,583
A1,123,normal,N2,0.7276995305164319,0.7085714285714285,0.7180081065431384,875
A1,123,normal,N3,0.9255813953488372,0.5512465373961218,0.6909722222222222,361
A1,123,normal,REM,0.4,0.33766233766233766,0.36619718309859156,308
A1,2026,normal,Wake,0.7716701902748414,0.8276643990929705,0.7986870897155361,882
A1,2026,normal,N1,0.5165394402035624,0.6963979416809606,0.5931336742147553,583
A1,2026,normal,N2,0.6954976303317536,0.6708571428571428,0.682955206515416,875
A1,2026,normal,N3,0.9764705882352941,0.4598337950138504,0.6252354048964218,361
A1,2026,normal,REM,0.2813688212927757,0.24025974025974026,0.2591943957968476,308
A1,ensemble,normal,Wake,0.8054679284963197,0.8684807256235828,0.8357883251500273,882
A1,ensemble,normal,N1,0.5745257452574526,0.7272727272727273,0.6419379258137774,583
A1,ensemble,normal,N2,0.7477064220183486,0.7451428571428571,0.7464224384659416,875
A1,ensemble,normal,N3,0.9836065573770492,0.4986149584487535,0.6617647058823529,361
A1,ensemble,normal,REM,0.3433962264150943,0.29545454545454547,0.31762652705061084,308
A1,42,hrv_missing,Wake,0.8438576349024111,0.8333333333333334,0.838562464346834,882
A1,42,hrv_missing,N1,0.5460526315789473,0.7118353344768439,0.6180193596425912,583
A1,42,hrv_missing,N2,0.7092511013215859,0.736,0.7223780145821649,875
A1,42,hrv_missing,N3,0.9411764705882353,0.48753462603878117,0.6423357664233577,361
A1,42,hrv_missing,REM,0.3568904593639576,0.32792207792207795,0.34179357021996615,308
A1,123,hrv_missing,Wake,0.7745197168857432,0.8684807256235828,0.8188134687332977,882
A1,123,hrv_missing,N1,0.49783549783549785,0.5917667238421955,0.5407523510971787,583
A1,123,hrv_missing,N2,0.7276995305164319,0.7085714285714285,0.7180081065431384,875
A1,123,hrv_missing,N3,0.9255813953488372,0.5512465373961218,0.6909722222222222,361
A1,123,hrv_missing,REM,0.4,0.33766233766233766,0.36619718309859156,308
A1,2026,hrv_missing,Wake,0.7716701902748414,0.8276643990929705,0.7986870897155361,882
A1,2026,hrv_missing,N1,0.5165394402035624,0.6963979416809606,0.5931336742147553,583
A1,2026,hrv_missing,N2,0.6954976303317536,0.6708571428571428,0.682955206515416,875
A1,2026,hrv_missing,N3,0.9764705882352941,0.4598337950138504,0.6252354048964218,361
A1,2026,hrv_missing,REM,0.2813688212927757,0.24025974025974026,0.2591943957968476,308
A1,ensemble,hrv_missing,Wake,0.8054679284963197,0.8684807256235828,0.8357883251500273,882
A1,ensemble,hrv_missing,N1,0.5745257452574526,0.7272727272727273,0.6419379258137774,583
A1,ensemble,hrv_missing,N2,0.7477064220183486,0.7451428571428571,0.7464224384659416,875
A1,ensemble,hrv_missing,N3,0.9836065573770492,0.4986149584487535,0.6617647058823529,361
A1,ensemble,hrv_missing,REM,0.3433962264150943,0.29545454545454547,0.31762652705061084,308
A2,42,normal,Wake,0.4311145510835913,0.6315192743764172,0.5124195032198712,882
A2,42,normal,N1,0.20093457943925233,0.07375643224699828,0.10790464240903387,583
A2,42,normal,N2,0.35434007134363854,0.3405714285714286,0.3473193473193473,875
A2,42,normal,N3,0.21813031161473087,0.21329639889196675,0.21568627450980393,361
A2,42,normal,REM,0.22653721682847897,0.22727272727272727,0.22690437601296595,308
A2,123,normal,Wake,0.47074010327022375,0.6201814058956916,0.5352250489236791,882
A2,123,normal,N1,0.2469879518072289,0.07032590051457976,0.10947930574098798,583
A2,123,normal,N2,0.3650637880274779,0.42514285714285716,0.3928194297782471,875
A2,123,normal,N3,0.3383838383838384,0.37119113573407203,0.35402906208718626,361
A2,123,normal,REM,0.31203007518796994,0.2694805194805195,0.289198606271777,308
A2,2026,normal,Wake,0.42129277566539924,0.6281179138321995,0.5043240782885753,882
A2,2026,normal,N1,0.2315270935960591,0.08061749571183534,0.11959287531806616,583
A2,2026,normal,N2,0.3592552026286966,0.37485714285714283,0.3668903803131991,875
A2,2026,normal,N3,0.27755102040816326,0.1883656509695291,0.22442244224422442,361
A2,2026,normal,REM,0.1891891891891892,0.20454545454545456,0.19656786271450857,308
A2,ensemble,normal,Wake,0.4397163120567376,0.6326530612244898,0.5188284518828452,882
A2,ensemble,normal,N1,0.25,0.07547169811320754,0.11594202898550725,583
A2,ensemble,normal,N2,0.35257082896117525,0.384,0.3676148796498906,875
A2,ensemble,normal,N3,0.286144578313253,0.2631578947368421,0.2741702741702742,361
A2,ensemble,normal,REM,0.25089605734767023,0.22727272727272727,0.23850085178875638,308
A2,42,hrv_missing,Wake,0.0,0.0,0.0,882
A2,42,hrv_missing,N1,0.0,0.0,0.0,583
A2,42,hrv_missing,N2,0.0,0.0,0.0,875
A2,42,hrv_missing,N3,0.11997341309405118,1.0,0.2142433234421365,361
A2,42,hrv_missing,REM,0.0,0.0,0.0,308
A2,123,hrv_missing,Wake,0.0,0.0,0.0,882
A2,123,hrv_missing,N1,0.0,0.0,0.0,583
A2,123,hrv_missing,N2,0.290794283815221,1.0,0.4505664263645726,875
A2,123,hrv_missing,N3,0.0,0.0,0.0,361
A2,123,hrv_missing,REM,0.0,0.0,0.0,308
A2,2026,hrv_missing,Wake,0.0,0.0,0.0,882
A2,2026,hrv_missing,N1,0.0,0.0,0.0,583
A2,2026,hrv_missing,N2,0.290794283815221,1.0,0.4505664263645726,875
A2,2026,hrv_missing,N3,0.0,0.0,0.0,361
A2,2026,hrv_missing,REM,0.0,0.0,0.0,308
A2,ensemble,hrv_missing,Wake,0.0,0.0,0.0,882
A2,ensemble,hrv_missing,N1,0.0,0.0,0.0,583
A2,ensemble,hrv_missing,N2,0.0,0.0,0.0,875
A2,ensemble,hrv_missing,N3,0.11997341309405118,1.0,0.2142433234421365,361
A2,ensemble,hrv_missing,REM,0.0,0.0,0.0,308
A3,42,normal,Wake,0.736084452975048,0.8696145124716553,0.7972972972972973,882
A3,42,normal,N1,0.4653179190751445,0.5523156089193825,0.5050980392156863,583
A3,42,normal,N2,0.71760391198044,0.6708571428571428,0.6934435912581217,875
A3,42,normal,N3,0.9105058365758755,0.6481994459833795,0.7572815533980582,361
A3,42,normal,REM,0.425,0.275974025974026,0.3346456692913386,308
A3,123,normal,Wake,0.7363813229571985,0.8582766439909297,0.7926701570680629,882
A3,123,normal,N1,0.3885350318471338,0.41852487135506006,0.402972749793559,583
A3,123,normal,N2,0.651685393258427,0.7291428571428571,0.6882416396979504,875
A3,123,normal,N3,0.8653846153846154,0.6232686980609419,0.7246376811594203,361
A3,123,normal,REM,0.43859649122807015,0.16233766233766234,0.23696682464454977,308
A3,2026,normal,Wake,0.8008008008008008,0.9070294784580499,0.8506113769271664,882
A3,2026,normal,N1,0.36329588014981273,0.33276157804459694,0.34735899731423453,583
A3,2026,normal,N2,0.6065891472868217,0.7154285714285714,0.6565285789197692,875
A3,2026,normal,N3,0.9631578947368421,0.5069252077562327,0.6642468239564429,361
A3,2026,normal,REM,0.2559055118110236,0.21103896103896103,0.2313167259786477,308
A3,ensemble,normal,Wake,0.7729044834307992,0.8990929705215419,0.8312368972746331,882
A3,ensemble,normal,N1,0.42158516020236086,0.4288164665523156,0.42517006802721086,583
A3,ensemble,normal,N2,0.655241935483871,0.7428571428571429,0.6963042313872523,875
A3,ensemble,normal,N3,0.9414225941422594,0.6232686980609419,0.75,361
A3,ensemble,normal,REM,0.389937106918239,0.2012987012987013,0.26552462526766596,308
A3,42,hrv_missing,Wake,0.637987012987013,0.891156462585034,0.7436140018921475,882
A3,42,hrv_missing,N1,0.4675984752223634,0.6312178387650086,0.5372262773722628,583
A3,42,hrv_missing,N2,0.7936,0.5668571428571428,0.6613333333333333,875
A3,42,hrv_missing,N3,0.8844765342960289,0.6786703601108033,0.768025078369906,361
A3,42,hrv_missing,REM,0.19318181818181818,0.05519480519480519,0.08585858585858586,308
A3,123,hrv_missing,Wake,0.564404432132964,0.9240362811791383,0.7007738607050731,882
A3,123,hrv_missing,N1,0.38088235294117645,0.444253859348199,0.4101346001583531,583
A3,123,hrv_missing,N2,0.75,0.5554285714285714,0.6382140512147079,875
A3,123,hrv_missing,N3,0.9590643274853801,0.45429362880886426,0.6165413533834586,361
A3,123,hrv_missing,REM,0.13636363636363635,0.02922077922077922,0.0481283422459893,308
A3,2026,hrv_missing,Wake,0.9270315091210614,0.6337868480725624,0.7528619528619529,882
A3,2026,hrv_missing,N1,0.4352806414662085,0.6518010291595198,0.521978021978022,583
A3,2026,hrv_missing,N2,0.6161048689138576,0.752,0.6773031394750386,875
A3,2026,hrv_missing,N3,0.8461538461538461,0.5789473684210527,0.6875,361
A3,2026,hrv_missing,REM,0.20642201834862386,0.1461038961038961,0.17110266159695817,308
A3,ensemble,hrv_missing,Wake,0.6672398968185727,0.8798185941043084,0.7589242053789731,882
A3,ensemble,hrv_missing,N1,0.4726609963547995,0.6672384219554031,0.5533428165007113,583
A3,ensemble,hrv_missing,N2,0.7806267806267806,0.6262857142857143,0.6949904882688649,875
A3,ensemble,hrv_missing,N3,0.9276595744680851,0.6038781163434903,0.7315436241610739,361
A3,ensemble,hrv_missing,REM,0.16279069767441862,0.045454545454545456,0.07106598984771574,308
A4,42,normal,Wake,0.7095937770095073,0.9308390022675737,0.8052967140755272,882
A4,42,normal,N1,0.45788336933045354,0.36363636363636365,0.40535372848948376,583
A4,42,normal,N2,0.7121212121212122,0.6445714285714286,0.6766646670665867,875
A4,42,normal,N3,0.8062283737024222,0.6454293628808865,0.7169230769230769,361
A4,42,normal,REM,0.37662337662337664,0.37662337662337664,0.37662337662337664,308
A4,123,normal,Wake,0.6555183946488294,0.8888888888888888,0.7545717035611165,882
A4,123,normal,N1,0.4080145719489982,0.38421955403087477,0.3957597173144876,583
A4,123,normal,N2,0.6939759036144578,0.6582857142857143,0.6756598240469208,875
A4,123,normal,N3,0.9516908212560387,0.5457063711911357,0.6936619718309859,361
A4,123,normal,REM,0.3832599118942731,0.2824675324675325,0.3252336448598131,308
A4,2026,normal,Wake,0.7150786308973173,0.8764172335600907,0.7875700458481916,882
A4,2026,normal,N1,0.4595879556259905,0.4974271012006861,0.47775947281713343,583
A4,2026,normal,N2,0.6729634002361276,0.6514285714285715,0.662020905923345,875
A4,2026,normal,N3,0.9178082191780822,0.556786703601108,0.6931034482758621,361
A4,2026,normal,REM,0.47186147186147187,0.3538961038961039,0.4044526901669759,308
A4,ensemble,normal,Wake,0.6965217391304348,0.9081632653061225,0.7883858267716536,882
A4,ensemble,normal,N1,0.44036697247706424,0.411663807890223,0.425531914893617,583
A4,ensemble,normal,N2,0.6801385681293303,0.6731428571428572,0.6766226306720275,875
A4,ensemble,normal,N3,0.9587155963302753,0.5789473684210527,0.7219343696027634,361
A4,ensemble,normal,REM,0.41739130434782606,0.3116883116883117,0.35687732342007433,308
A4,42,hrv_missing,Wake,0.5776223776223777,0.9365079365079365,0.7145328719723183,882
A4,42,hrv_missing,N1,0.47385103011093505,0.5128644939965694,0.4925864909390445,583
A4,42,hrv_missing,N2,0.7663043478260869,0.48342857142857143,0.5928521373510862,875
A4,42,hrv_missing,N3,0.9938271604938271,0.44598337950138506,0.615678776290631,361
A4,42,hrv_missing,REM,0.1581196581196581,0.12012987012987013,0.13653136531365315,308
A4,123,hrv_missing,Wake,0.6604255319148936,0.8798185941043084,0.7544968400583374,882
A4,123,hrv_missing,N1,0.4557522123893805,0.5300171526586621,0.49008723235527357,583
A4,123,hrv_missing,N2,0.6886145404663924,0.5737142857142857,0.6259351620947631,875
A4,123,hrv_missing,N3,1.0,0.3878116343490305,0.5588822355289421,361
A4,123,hrv_missing,REM,0.24041811846689895,0.22402597402597402,0.2319327731092437,308
A4,2026,hrv_missing,Wake,0.6492932862190812,0.8333333333333334,0.7298907646474677,882
A4,2026,hrv_missing,N1,0.4537346711259755,0.6981132075471698,0.55,583
A4,2026,hrv_missing,N2,0.7090301003344481,0.4845714285714286,0.5756958587915818,875
A4,2026,hrv_missing,N3,0.9695121951219512,0.4404432132963989,0.6057142857142858,361
A4,2026,hrv_missing,REM,0.1743119266055046,0.12337662337662338,0.1444866920152091,308
A4,ensemble,hrv_missing,Wake,0.6377269139700079,0.9160997732426304,0.7519776640297813,882
A4,ensemble,hrv_missing,N1,0.5102599179206566,0.6397941680960549,0.5677321156773212,583
A4,ensemble,hrv_missing,N2,0.7294303797468354,0.5268571428571428,0.6118115461181155,875
A4,ensemble,hrv_missing,N3,1.0,0.41274238227146814,0.5843137254901961,361
A4,ensemble,hrv_missing,REM,0.16521739130434782,0.12337662337662338,0.1412639405204461,308
A5,42,normal,Wake,0.779,0.8832199546485261,0.8278427205100957,882
A5,42,normal,N1,0.428341384863124,0.4562607204116638,0.4418604651162791,583
A5,42,normal,N2,0.6496881496881497,0.7142857142857143,0.6804572672836146,875
A5,42,normal,N3,0.9421052631578948,0.49584487534626037,0.6497277676950998,361
A5,42,normal,REM,0.3644067796610169,0.2792207792207792,0.3161764705882353,308
A5,123,normal,Wake,0.7231329690346083,0.9002267573696145,0.802020202020202,882
A5,123,normal,N1,0.4758364312267658,0.4391080617495712,0.4567350579839429,583
A5,123,normal,N2,0.6979638009049773,0.7051428571428572,0.7015349630471859,875
A5,123,normal,N3,0.91324200913242,0.554016620498615,0.6896551724137931,361
A5,123,normal,REM,0.362962962962963,0.3181818181818182,0.3391003460207612,308
A5,2026,normal,Wake,0.729068673565381,0.8786848072562359,0.7969151670951157,882
A5,2026,normal,N1,0.42327150084317033,0.4305317324185249,0.4268707482993197,583
A5,2026,normal,N2,0.6451953537486801,0.6982857142857143,0.6706915477497256,875
A5,2026,normal,N3,0.8846153846153846,0.5734072022160664,0.6957983193277311,361
A5,2026,normal,REM,0.42441860465116277,0.237012987012987,0.30416666666666664,308
A5,ensemble,normal,Wake,0.7545023696682465,0.9024943310657596,0.821889519876097,882
A5,ensemble,normal,N1,0.4529616724738676,0.44596912521440824,0.449438202247191,583
A5,ensemble,normal,N2,0.670490093847758,0.7348571428571429,0.7011995637949836,875
A5,ensemble,normal,N3,0.9392523364485982,0.556786703601108,0.6991304347826087,361
A5,ensemble,normal,REM,0.3961352657004831,0.2662337662337662,0.31844660194174756,308
A5,42,hrv_missing,Wake,0.7847439916405433,0.8514739229024944,0.8167482327351822,882
A5,42,hrv_missing,N1,0.4886104783599089,0.7358490566037735,0.5872689938398358,583
A5,42,hrv_missing,N2,0.730718954248366,0.6388571428571429,0.6817073170731708,875
A5,42,hrv_missing,N3,0.993421052631579,0.4182825484764543,0.5886939571150097,361
A5,42,hrv_missing,REM,0.2529182879377432,0.21103896103896103,0.23008849557522124,308
A5,123,hrv_missing,Wake,0.7577268195413759,0.8616780045351474,0.8063660477453581,882
A5,123,hrv_missing,N1,0.5106082036775106,0.6192109777015438,0.5596899224806201,583
A5,123,hrv_missing,N2,0.717827626918536,0.6948571428571428,0.7061556329849012,875
A5,123,hrv_missing,N3,0.9943502824858758,0.48753462603878117,0.654275092936803,361
A5,123,hrv_missing,REM,0.31272727272727274,0.2792207792207792,0.2950257289879931,308
A5,2026,hrv_missing,Wake,0.7893013100436681,0.8197278911564626,0.8042269187986651,882
A5,2026,hrv_missing,N1,0.4822085889570552,0.6740994854202401,0.5622317596566524,583
A5,2026,hrv_missing,N2,0.7038777908343126,0.6845714285714286,0.694090382387022,875
A5,2026,hrv_missing,N3,0.9368932038834952,0.5346260387811634,0.6807760141093474,361
A5,2026,hrv_missing,REM,0.31221719457013575,0.22402597402597402,0.2608695652173913,308
A5,ensemble,hrv_missing,Wake,0.8010526315789473,0.86281179138322,0.8307860262008734,882
A5,ensemble,hrv_missing,N1,0.5356265356265356,0.7478559176672385,0.6241947029348605,583
A5,ensemble,hrv_missing,N2,0.7524271844660194,0.7085714285714285,0.7298410829899941,875
A5,ensemble,hrv_missing,N3,0.9888888888888889,0.4930747922437673,0.6580406654343808,361
A5,ensemble,hrv_missing,REM,0.3112033195020747,0.2435064935064935,0.273224043715847,308
A6,42,normal,Wake,0.8153200419727177,0.8809523809523809,0.8468664850136239,882
A6,42,normal,N1,0.41088180112570355,0.37564322469982847,0.3924731182795699,583
A6,42,normal,N2,0.609251968503937,0.7074285714285714,0.6546800634584876,875
A6,42,normal,N3,0.8669527896995708,0.5595567867036011,0.6801346801346801,361
A6,42,normal,REM,0.38686131386861317,0.34415584415584416,0.3642611683848797,308
A6,123,normal,Wake,0.7941787941787942,0.8662131519274376,0.8286334056399133,882
A6,123,normal,N1,0.399624765478424,0.3653516295025729,0.3817204301075269,583
A6,123,normal,N2,0.6461684011352885,0.7805714285714286,0.7070393374741201,875
A6,123,normal,N3,0.9159663865546218,0.6038781163434903,0.7278797996661102,361
A6,123,normal,REM,0.3105022831050228,0.22077922077922077,0.25806451612903225,308
A6,2026,normal,Wake,0.7565130260521042,0.8560090702947846,0.8031914893617021,882
A6,2026,normal,N1,0.4447900466562986,0.49056603773584906,0.466557911908646,583
A6,2026,normal,N2,0.6625,0.6662857142857143,0.6643874643874644,875
A6,2026,normal,N3,0.9061032863849765,0.5346260387811634,0.6724738675958188,361
A6,2026,normal,REM,0.32,0.2857142857142857,0.3018867924528302,308
A6,ensemble,normal,Wake,0.799184505606524,0.8888888888888888,0.8416532474503489,882
A6,ensemble,normal,N1,0.4320754716981132,0.3927958833619211,0.4115004492362983,583
A6,ensemble,normal,N2,0.6431334622823984,0.76,0.6966998428496595,875
A6,ensemble,normal,N3,0.9272727272727272,0.5650969529085873,0.7022375215146299,361
A6,ensemble,normal,REM,0.3155737704918033,0.25,0.27898550724637683,308
A6,42,hrv_missing,Wake,0.8515337423312883,0.7868480725623582,0.8179139658220389,882
A6,42,hrv_missing,N1,0.5043370508054523,0.6981132075471698,0.5856115107913669,583
A6,42,hrv_missing,N2,0.683083511777302,0.7291428571428571,0.7053620784964069,875
A6,42,hrv_missing,N3,0.9888888888888889,0.4930747922437673,0.6580406654343808,361
A6,42,hrv_missing,REM,0.2857142857142857,0.2532467532467532,0.2685025817555938,308
A6,123,hrv_missing,Wake,0.7701149425287356,0.8356009070294784,0.8015225666122893,882
A6,123,hrv_missing,N1,0.47049924357034795,0.5334476843910806,0.5,583
A6,123,hrv_missing,N2,0.6694386694386695,0.736,0.7011431682090364,875
A6,123,hrv_missing,N3,0.9536082474226805,0.5124653739612188,0.6666666666666666,361
A6,123,hrv_missing,REM,0.2978723404255319,0.22727272727272727,0.2578268876611418,308
A6,2026,hrv_missing,Wake,0.759871931696905,0.8072562358276644,0.782847718526663,882
A6,2026,hrv_missing,N1,0.5123456790123457,0.7118353344768439,0.5958363244795406,583
A6,2026,hrv_missing,N2,0.7191697191697192,0.6731428571428572,0.6953955135773318,875
A6,2026,hrv_missing,N3,0.9886363636363636,0.481994459833795,0.6480446927374302,361
A6,2026,hrv_missing,REM,0.2808988764044944,0.2435064935064935,0.2608695652173913,308
A6,ensemble,hrv_missing,Wake,0.7961165048543689,0.8367346938775511,0.8159203980099502,882
A6,ensemble,hrv_missing,N1,0.5307994757536042,0.6946826758147513,0.6017830609212481,583
A6,ensemble,hrv_missing,N2,0.72480181200453,0.7314285714285714,0.7281001137656428,875
A6,ensemble,hrv_missing,N3,1.0,0.4903047091412742,0.6579925650557621,361
A6,ensemble,hrv_missing,REM,0.26640926640926643,0.22402597402597402,0.24338624338624337,308
