variant,seed,condition,source,epochs,accuracy,macro_f1,Wake_support,N1_support,N2_support,N3_support,REM_support
A0,42,normal,MIT-BIH,1331,0.695717505634861,0.4999252867884346,437,376,374,7,137
A0,42,normal,ISRUC-III,1678,0.6555423122765197,0.5834587847724879,445,207,501,354,171
A0,123,normal,MIT-BIH,1331,0.709992486851991,0.5101407517323774,437,376,374,7,137
A0,123,normal,ISRUC-III,1678,0.6376638855780691,0.5695492111500731,445,207,501,354,171
A0,2026,normal,MIT-BIH,1331,0.70473328324568,0.5086966524413402,437,376,374,7,137
A0,2026,normal,ISRUC-III,1678,0.6400476758045291,0.5735570299398292,445,207,501,354,171
A0,ensemble,normal,MIT-BIH,1331,0.7377911344853494,0.5252323260637566,437,376,374,7,137
A0,ensemble,normal,ISRUC-III,1678,0.6567342073897497,0.584491095798229,445,207,501,354,171
A0,42,hrv_missing,MIT-BIH,1331,0.695717505634861,0.4999252867884346,437,376,374,7,137
A0,42,hrv_missing,ISRUC-III,1678,0.6555423122765197,0.5834587847724879,445,207,501,354,171
A0,123,hrv_missing,MIT-BIH,1331,0.709992486851991,0.5101407517323774,437,376,374,7,137
A0,123,hrv_missing,ISRUC-III,1678,0.6376638855780691,0.5695492111500731,445,207,501,354,171
A0,2026,hrv_missing,MIT-BIH,1331,0.70473328324568,0.5086966524413402,437,376,374,7,137
A0,2026,hrv_missing,ISRUC-III,1678,0.6400476758045291,0.5735570299398292,445,207,501,354,171
A0,ensemble,hrv_missing,MIT-BIH,1331,0.7377911344853494,0.5252323260637566,437,376,374,7,137
A0,ensemble,hrv_missing,ISRUC-III,1678,0.6567342073897497,0.584491095798229,445,207,501,354,171
A1,42,normal,MIT-BIH,1331,0.7205108940646131,0.5279669543779721,437,376,374,7,137
A1,42,normal,ISRUC-III,1678,0.6626936829558999,0.6116860860803819,445,207,501,354,171
A1,123,normal,MIT-BIH,1331,0.6919609316303531,0.5118109134216483,437,376,374,7,137
A1,123,normal,ISRUC-III,1678,0.6632896305125149,0.6137749970726059,445,207,501,354,171
A1,2026,normal,MIT-BIH,1331,0.6626596543951916,0.4659745071388396,437,376,374,7,137
A1,2026,normal,ISRUC-III,1678,0.6442193087008343,0.591007450264762,445,207,501,354,171
A1,ensemble,normal,MIT-BIH,1331,0.7302779864763336,0.5358229206989102,437,376,374,7,137
A1,ensemble,normal,ISRUC-III,1678,0.6799761620977354,0.6217246153187542,445,207,501,354,171
A1,42,hrv_missing,MIT-BIH,1331,0.7205108940646131,0.5279669543779721,437,376,374,7,137
A1,42,hrv_missing,ISRUC-III,1678,0.6626936829558999,0.6116860860803819,445,207,501,354,171
A1,123,hrv_missing,MIT-BIH,1331,0.6919609316303531,0.5118109134216483,437,376,374,7,137
A1,123,hrv_missing,ISRUC-III,1678,0.6632896305125149,0.6137749970726059,445,207,501,354,171
A1,2026,hrv_missing,MIT-BIH,1331,0.6626596543951916,0.4659745071388396,437,376,374,7,137
A1,2026,hrv_missing,ISRUC-III,1678,0.6442193087008343,0.591007450264762,445,207,501,354,171
A1,ensemble,hrv_missing,MIT-BIH,1331,0.7302779864763336,0.5358229206989102,437,376,374,7,137
A1,ensemble,hrv_missing,ISRUC-III,1678,0.6799761620977354,0.6217246153187542,445,207,501,354,171
A2,42,normal,MIT-BIH,1331,0.3163035311795642,0.21380493435624817,437,376,374,7,137
A2,42,normal,ISRUC-III,1678,0.37187127532777114,0.3009620431135564,445,207,501,354,171
A2,123,normal,MIT-BIH,1331,0.34259954921111946,0.2549974028936338,437,376,374,7,137
A2,123,normal,ISRUC-III,1678,0.4296781883194279,0.37375242246826706,445,207,501,354,171
A2,2026,normal,MIT-BIH,1331,0.35086401202103684,0.2688224219528941,437,376,374,7,137
A2,2026,normal,ISRUC-III,1678,0.3533969010727056,0.2813234419867931,445,207,501,354,171
A2,ensemble,normal,MIT-BIH,1331,0.34635612321562737,0.25851985516003234,437,376,374,7,137
A2,ensemble,normal,ISRUC-III,1678,0.38259833134684146,0.3168709202725178,445,207,501,354,171
A2,42,hrv_missing,MIT-BIH,1331,0.005259203606311044,0.0020926756352765323,437,376,374,7,137
A2,42,hrv_missing,ISRUC-III,1678,0.21096543504171633,0.06968503937007874,445,207,501,354,171
A2,123,hrv_missing,MIT-BIH,1331,0.2809917355371901,0.08774193548387096,437,376,374,7,137
A2,123,hrv_missing,ISRUC-III,1678,0.29856972586412395,0.09196879302432308,445,207,501,354,171
A2,2026,hrv_missing,MIT-BIH,1331,0.2809917355371901,0.08774193548387096,437,376,374,7,137
A2,2026,hrv_missing,ISRUC-III,1678,0.29856972586412395,0.09196879302432308,445,207,501,354,171
A2,ensemble,hrv_missing,MIT-BIH,1331,0.005259203606311044,0.0020926756352765323,437,376,374,7,137
A2,ensemble,hrv_missing,ISRUC-III,1678,0.21096543504171633,0.06968503937007874,445,207,501,354,171
A3,42,normal,MIT-BIH,1331,0.6348610067618332,0.5611450632857169,437,376,374,7,137
A3,42,normal,ISRUC-III,1678,0.6853396901072706,0.613822382479524,445,207,501,354,171
A3,123,normal,MIT-BIH,1331,0.5792637114951165,0.4092665268874754,437,376,374,7,137
A3,123,normal,ISRUC-III,1678,0.6811680572109654,0.6129064355762073,445,207,501,354,171
A3,2026,normal,MIT-BIH,1331,0.5815176558978212,0.3792383617980927,437,376,374,7,137
A3,2026,normal,ISRUC-III,1678,0.6519666269368296,0.5875038492393062,445,207,501,354,171
A3,ensemble,normal,MIT-BIH,1331,0.6100676183320811,0.4929127199512461,437,376,374,7,137
A3,ensemble,normal,ISRUC-III,1678,0.6960667461263409,0.6202078623960116,445,207,501,354,171
A3,42,hrv_missing,MIT-BIH,1331,0.5987978963185575,0.42542638383580994,437,376,374,7,137
A3,42,hrv_missing,ISRUC-III,1678,0.6644815256257449,0.5671404807946067,445,207,501,354,171
A3,123,hrv_missing,MIT-BIH,1331,0.4966190833959429,0.30307558392487277,437,376,374,7,137
A3,123,hrv_missing,ISRUC-III,1678,0.6388557806912991,0.5354305994466522,445,207,501,354,171
A3,2026,hrv_missing,MIT-BIH,1331,0.6288504883546205,0.4186333620347895,437,376,374,7,137
A3,2026,hrv_missing,ISRUC-III,1678,0.6042908224076281,0.5600171626167026,445,207,501,354,171
A3,ensemble,hrv_missing,MIT-BIH,1331,0.6213373403456048,0.40443081634618566,437,376,374,7,137
A3,ensemble,hrv_missing,ISRUC-III,1678,0.66626936829559,0.577328947664733,445,207,501,354,171
A4,42,normal,MIT-BIH,1331,0.5957926371149511,0.43171787209680906,437,376,374,7,137
A4,42,normal,ISRUC-III,1678,0.6871275327771156,0.6340879392402248,445,207,501,354,171
A4,123,normal,MIT-BIH,1331,0.5627347858752817,0.37102998113814856,437,376,374,7,137
A4,123,normal,ISRUC-III,1678,0.666865315852205,0.6219819109736298,445,207,501,354,171
A4,2026,normal,MIT-BIH,1331,0.613824192336589,0.4718691056819827,437,376,374,7,137
A4,2026,normal,ISRUC-III,1678,0.6710369487485102,0.6319849551514956,445,207,501,354,171
A4,ensemble,normal,MIT-BIH,1331,0.5837716003005259,0.4019588767390666,437,376,374,7,137
A4,ensemble,normal,ISRUC-III,1678,0.6901072705601907,0.6426903406969448,445,207,501,354,171
A4,42,hrv_missing,MIT-BIH,1331,0.5289256198347108,0.34733835535428104,437,376,374,7,137
A4,42,hrv_missing,ISRUC-III,1678,0.6209773539928486,0.5522457155188791,445,207,501,354,171
A4,123,hrv_missing,MIT-BIH,1331,0.5792637114951165,0.39247786851397304,437,376,374,7,137
A4,123,hrv_missing,ISRUC-III,1678,0.6108462455303934,0.5572532879541747,445,207,501,354,171
A4,2026,hrv_missing,MIT-BIH,1331,0.5687453042824944,0.3625553018410161,437,376,374,7,137
A4,2026,hrv_missing,ISRUC-III,1678,0.599523241954708,0.546771606148769,445,207,501,354,171
A4,ensemble,hrv_missing,MIT-BIH,1331,0.5860255447032306,0.385419222612576,437,376,374,7,137
A4,ensemble,hrv_missing,ISRUC-III,1678,0.6251489868891538,0.5601523196904299,445,207,501,354,171
A5,42,normal,MIT-BIH,1331,0.6213373403456048,0.44124943226651114,437,376,374,7,137
A5,42,normal,ISRUC-III,1678,0.6603098927294399,0.6025594996773325,445,207,501,354,171
A5,123,normal,MIT-BIH,1331,0.6393688955672426,0.563737593256312,437,376,374,7,137
A5,123,normal,ISRUC-III,1678,0.66388557806913,0.6035359918165326,445,207,501,354,171
A5,2026,normal,MIT-BIH,1331,0.5935386927122465,0.46184953219694674,437,376,374,7,137
A5,2026,normal,ISRUC-III,1678,0.6716328963051251,0.6135716869622996,445,207,501,354,171
A5,ensemble,normal,MIT-BIH,1331,0.6258452291510143,0.5093966759860671,437,376,374,7,137
A5,ensemble,normal,ISRUC-III,1678,0.6847437425506555,0.6200034522014292,445,207,501,354,171
A5,42,hrv_missing,MIT-BIH,1331,0.6851990984222389,0.4832936658663991,437,376,374,7,137
A5,42,hrv_missing,ISRUC-III,1678,0.6215733015494637,0.5631106158367396,445,207,501,354,171
A5,123,hrv_missing,MIT-BIH,1331,0.6897069872276483,0.5081031896082879,437,376,374,7,137
A5,123,hrv_missing,ISRUC-III,1678,0.6394517282479142,0.5809454601163927,445,207,501,354,171
A5,2026,hrv_missing,MIT-BIH,1331,0.6664162283996995,0.4794283642000424,437,376,374,7,137
A5,2026,hrv_missing,ISRUC-III,1678,0.6495828367103695,0.5894861837054,445,207,501,354,171
A5,ensemble,hrv_missing,MIT-BIH,1331,0.7287753568745304,0.5291121169591656,437,376,374,7,137
A5,ensemble,hrv_missing,ISRUC-III,1678,0.6555423122765197,0.5951535596767407,445,207,501,354,171
A6,42,normal,MIT-BIH,1331,0.6033057851239669,0.5267669060468295,437,376,374,7,137
A6,42,normal,ISRUC-III,1678,0.6674612634088201,0.6077987896998501,445,207,501,354,171
A6,123,normal,MIT-BIH,1331,0.6078136739293765,0.40608200835512476,437,376,374,7,137
A6,123,normal,ISRUC-III,1678,0.6775923718712753,0.6133636192621708,445,207,501,354,171
A6,2026,normal,MIT-BIH,1331,0.6153268219383922,0.505809375518685,437,376,374,7,137
A6,2026,normal,ISRUC-III,1678,0.6471990464839095,0.5996341613690508,445,207,501,354,171
A6,ensemble,normal,MIT-BIH,1331,0.613824192336589,0.48596007088368276,437,376,374,7,137
A6,ensemble,normal,ISRUC-III,1678,0.6805721096543504,0.6184158794603378,445,207,501,354,171
A6,42,hrv_missing,MIT-BIH,1331,0.6889556724267468,0.5126930343973901,437,376,374,7,137
A6,42,hrv_missing,ISRUC-III,1678,0.6424314660309892,0.5863140668497651,445,207,501,354,171
A6,123,hrv_missing,MIT-BIH,1331,0.6416228399699474,0.44404073070752703,437,376,374,7,137
A6,123,hrv_missing,ISRUC-III,1678,0.6513706793802145,0.5950022688356544,445,207,501,354,171
A6,2026,hrv_missing,MIT-BIH,1331,0.6844477836213373,0.4970101985378914,437,376,374,7,137
A6,2026,hrv_missing,ISRUC-III,1678,0.6281287246722288,0.5780287492840473,445,207,501,354,171
A6,ensemble,hrv_missing,MIT-BIH,1331,0.6994740796393689,0.5066116982667748,437,376,374,7,137
A6,ensemble,hrv_missing,ISRUC-III,1678,0.6543504171632897,0.594053297094695,445,207,501,354,171
