variant,seed,condition,subject,epochs,accuracy,macro_f1,Wake_support,N1_support,N2_support,N3_support,REM_support
A0,42,normal,MIT-slp02,621,0.6940418679549114,0.3790391464810069,151,32,325,7,106
A0,42,normal,MIT-slp60,710,0.6971830985915493,0.46230023316176466,286,344,49,0,31
A0,42,normal,ISRUC-III-04,764,0.5536649214659686,0.5011464755840066,144,137,234,159,90
A0,42,normal,ISRUC-III-05,914,0.7407002188183808,0.6392613954609611,301,70,267,195,81
A0,123,normal,MIT-slp02,621,0.6892109500805152,0.3710483089134708,151,32,325,7,106
A0,123,normal,MIT-slp60,710,0.7281690140845071,0.4717379052498935,286,344,49,0,31
A0,123,normal,ISRUC-III-04,764,0.5235602094240838,0.5043846429579762,144,137,234,159,90
A0,123,normal,ISRUC-III-05,914,0.7330415754923414,0.6046812994931513,301,70,267,195,81
A0,2026,normal,MIT-slp02,621,0.6843800322061192,0.38858873363617197,151,32,325,7,106
A0,2026,normal,MIT-slp60,710,0.7225352112676057,0.4529930795679472,286,344,49,0,31
A0,2026,normal,ISRUC-III-04,764,0.5471204188481675,0.5335826888154374,144,137,234,159,90
A0,2026,normal,ISRUC-III-05,914,0.7177242888402626,0.5922596935122162,301,70,267,195,81
A0,ensemble,normal,MIT-slp02,621,0.71658615136876,0.3718555582413451,151,32,325,7,106
A0,ensemble,normal,MIT-slp60,710,0.7563380281690141,0.49746724672314047,286,344,49,0,31
A0,ensemble,normal,ISRUC-III-04,764,0.5615183246073299,0.5283939079629542,144,137,234,159,90
A0,ensemble,normal,ISRUC-III-05,914,0.7363238512035011,0.6199754173772687,301,70,267,195,81
A0,42,hrv_missing,MIT-slp02,621,0.6940418679549114,0.3790391464810069,151,32,325,7,106
A0,42,hrv_missing,MIT-slp60,710,0.6971830985915493,0.46230023316176466,286,344,49,0,31
A0,42,hrv_missing,ISRUC-III-04,764,0.5536649214659686,0.5011464755840066,144,137,234,159,90
A0,42,hrv_missing,ISRUC-III-05,914,0.7407002188183808,0.6392613954609611,301,70,267,195,81
A0,123,hrv_missing,MIT-slp02,621,0.6892109500805152,0.3710483089134708,151,32,325,7,106
A0,123,hrv_missing,MIT-slp60,710,0.7281690140845071,0.4717379052498935,286,344,49,0,31
A0,123,hrv_missing,ISRUC-III-04,764,0.5235602094240838,0.5043846429579762,144,137,234,159,90
A0,123,hrv_missing,ISRUC-III-05,914,0.7330415754923414,0.6046812994931513,301,70,267,195,81
A0,2026,hrv_missing,MIT-slp02,621,0.6843800322061192,0.38858873363617197,151,32,325,7,106
A0,2026,hrv_missing,MIT-slp60,710,0.7225352112676057,0.4529930795679472,286,344,49,0,31
A0,2026,hrv_missing,ISRUC-III-04,764,0.5471204188481675,0.5335826888154374,144,137,234,159,90
A0,2026,hrv_missing,ISRUC-III-05,914,0.7177242888402626,0.5922596935122162,301,70,267,195,81
A0,ensemble,hrv_missing,MIT-slp02,621,0.71658615136876,0.3718555582413451,151,32,325,7,106
A0,ensemble,hrv_missing,MIT-slp60,710,0.7563380281690141,0.49746724672314047,286,344,49,0,31
A0,ensemble,hrv_missing,ISRUC-III-04,764,0.5615183246073299,0.5283939079629542,144,137,234,159,90
A0,ensemble,hrv_missing,ISRUC-III-05,914,0.7363238512035011,0.6199754173772687,301,70,267,195,81
A1,42,normal,MIT-slp02,621,0.7020933977455717,0.3909502677043661,151,32,325,7,106
A1,42,normal,MIT-slp60,710,0.7366197183098592,0.5022726489134872,286,344,49,0,31
A1,42,normal,ISRUC-III-04,764,0.5327225130890052,0.5129975166529395,144,137,234,159,90
A1,42,normal,ISRUC-III-05,914,0.7713347921225383,0.6949884179636505,301,70,267,195,81
A1,123,normal,MIT-slp02,621,0.6698872785829307,0.361051281485148,151,32,325,7,106
A1,123,normal,MIT-slp60,710,0.7112676056338029,0.5282301475955655,286,344,49,0,31
A1,123,normal,ISRUC-III-04,764,0.5706806282722513,0.5645580330203186,144,137,234,159,90
A1,123,normal,ISRUC-III-05,914,0.7407002188183808,0.6324857468367537,301,70,267,195,81
A1,2026,normal,MIT-slp02,621,0.5909822866344605,0.3053180394197417,151,32,325,7,106
A1,2026,normal,MIT-slp60,710,0.7253521126760564,0.5069134180273261,286,344,49,0,31
A1,2026,normal,ISRUC-III-04,764,0.5327225130890052,0.5241569158648569,144,137,234,159,90
A1,2026,normal,ISRUC-III-05,914,0.737417943107221,0.6380650005878228,301,70,267,195,81
A1,ensemble,normal,MIT-slp02,621,0.6811594202898551,0.35364695557907233,151,32,325,7,106
A1,ensemble,normal,MIT-slp60,710,0.7732394366197183,0.5495445300052715,286,344,49,0,31
A1,ensemble,normal,ISRUC-III-04,764,0.5824607329842932,0.5669718914316431,144,137,234,159,90
A1,ensemble,normal,ISRUC-III-05,914,0.7614879649890591,0.6538620175928664,301,70,267,195,81
A1,42,hrv_missing,MIT-slp02,621,0.7020933977455717,0.3909502677043661,151,32,325,7,106
A1,42,hrv_missing,MIT-slp60,710,0.7366197183098592,0.5022726489134872,286,344,49,0,31
A1,42,hrv_missing,ISRUC-III-04,764,0.5327225130890052,0.5129975166529395,144,137,234,159,90
A1,42,hrv_missing,ISRUC-III-05,914,0.7713347921225383,0.6949884179636505,301,70,267,195,81
A1,123,hrv_missing,MIT-slp02,621,0.6698872785829307,0.361051281485148,151,32,325,7,106
A1,123,hrv_missing,MIT-slp60,710,0.7112676056338029,0.5282301475955655,286,344,49,0,31
A1,123,hrv_missing,ISRUC-III-04,764,0.5706806282722513,0.5645580330203186,144,137,234,159,90
A1,123,hrv_missing,ISRUC-III-05,914,0.7407002188183808,0.6324857468367537,301,70,267,195,81
A1,2026,hrv_missing,MIT-slp02,621,0.5909822866344605,0.3053180394197417,151,32,325,7,106
A1,2026,hrv_missing,MIT-slp60,710,0.7253521126760564,0.5069134180273261,286,344,49,0,31
A1,2026,hrv_missing,ISRUC-III-04,764,0.5327225130890052,0.5241569158648569,144,137,234,159,90
A1,2026,hrv_missing,ISRUC-III-05,914,0.737417943107221,0.6380650005878228,301,70,267,195,81
A1,ensemble,hrv_missing,MIT-slp02,621,0.6811594202898551,0.35364695557907233,151,32,325,7,106
A1,ensemble,hrv_missing,MIT-slp60,710,0.7732394366197183,0.5495445300052715,286,344,49,0,31
A1,ensemble,hrv_missing,ISRUC-III-04,764,0.5824607329842932,0.5669718914316431,144,137,234,159,90
A1,ensemble,hrv_missing,ISRUC-III-05,914,0.7614879649890591,0.6538620175928664,301,70,267,195,81
A2,42,normal,MIT-slp02,621,0.5523349436392915,0.28818704066876644,151,32,325,7,106
A2,42,normal,MIT-slp60,710,0.10985915492957747,0.09558622699478647,286,344,49,0,31
A2,42,normal,ISRUC-III-04,764,0.34424083769633507,0.2901063796139368,144,137,234,159,90
A2,42,normal,ISRUC-III-05,914,0.3949671772428884,0.268439160145074,301,70,267,195,81
A2,123,normal,MIT-slp02,621,0.5780998389694042,0.32548029937598655,151,32,325,7,106
A2,123,normal,MIT-slp60,710,0.13661971830985917,0.12245765616497324,286,344,49,0,31
A2,123,normal,ISRUC-III-04,764,0.3769633507853403,0.30573181385519543,144,137,234,159,90
A2,123,normal,ISRUC-III-05,914,0.4737417943107221,0.34779630881600054,301,70,267,195,81
A2,2026,normal,MIT-slp02,621,0.6086956521739131,0.35350903775951215,151,32,325,7,106
A2,2026,normal,MIT-slp60,710,0.12535211267605634,0.10433790685321967,286,344,49,0,31
A2,2026,normal,ISRUC-III-04,764,0.32329842931937175,0.2753737257473842,144,137,234,159,90
A2,2026,normal,ISRUC-III-05,914,0.3785557986870897,0.24614117330467847,301,70,267,195,81
A2,ensemble,normal,MIT-slp02,621,0.5958132045088567,0.33616216216216216,151,32,325,7,106
A2,ensemble,normal,MIT-slp60,710,0.12816901408450704,0.1117087539823171,286,344,49,0,31
A2,ensemble,normal,ISRUC-III-04,764,0.34424083769633507,0.291583721003214,144,137,234,159,90
A2,ensemble,normal,ISRUC-III-05,914,0.41466083150984684,0.28801189737632604,301,70,267,195,81
A2,42,hrv_missing,MIT-slp02,621,0.011272141706924315,0.0044585987261146496,151,32,325,7,106
A2,42,hrv_missing,MIT-slp60,710,0.0,0.0,286,344,49,0,31
A2,42,hrv_missing,ISRUC-III-04,764,0.2081151832460733,0.06890574214517876,144,137,234,159,90
A2,42,hrv_missing,ISRUC-III-05,914,0.21334792122538293,0.0703336339044184,301,70,267,195,81
A2,123,hrv_missing,MIT-slp02,621,0.5233494363929146,0.13742071881606766,151,32,325,7,106
A2,123,hrv_missing,MIT-slp60,710,0.06901408450704226,0.025823451910408433,286,344,49,0,31
A2,123,hrv_missing,ISRUC-III-04,764,0.306282722513089,0.0937875751503006,144,137,234,159,90
A2,123,hrv_missing,ISRUC-III-05,914,0.2921225382932166,0.09043183742591024,301,70,267,195,81
A2,2026,hrv_missing,MIT-slp02,621,0.5233494363929146,0.13742071881606766,151,32,325,7,106
A2,2026,hrv_missing,MIT-slp60,710,0.06901408450704226,0.025823451910408433,286,344,49,0,31
A2,2026,hrv_missing,ISRUC-III-04,764,0.306282722513089,0.0937875751503006,144,137,234,159,90
A2,2026,hrv_missing,ISRUC-III-05,914,0.2921225382932166,0.09043183742591024,301,70,267,195,81
A2,ensemble,hrv_missing,MIT-slp02,621,0.011272141706924315,0.0044585987261146496,151,32,325,7,106
A2,ensemble,hrv_missing,MIT-slp60,710,0.0,0.0,286,344,49,0,31
A2,ensemble,hrv_missing,ISRUC-III-04,764,0.2081151832460733,0.06890574214517876,144,137,234,159,90
A2,ensemble,hrv_missing,ISRUC-III-05,914,0.21334792122538293,0.0703336339044184,301,70,267,195,81
A3,42,normal,MIT-slp02,621,0.6666666666666666,0.4839486377740797,151,32,325,7,106
A3,42,normal,MIT-slp60,710,0.6070422535211267,0.4022069152766464,286,344,49,0,31
A3,42,normal,ISRUC-III-04,764,0.5850785340314136,0.5618971334989841,144,137,234,159,90
A3,42,normal,ISRUC-III-05,914,0.7691466083150985,0.6424953716965278,301,70,267,195,81
A3,123,normal,MIT-slp02,621,0.6634460547504025,0.38638682543257624,151,32,325,7,106
A3,123,normal,MIT-slp60,710,0.5056338028169014,0.35358409304437755,286,344,49,0,31
A3,123,normal,ISRUC-III-04,764,0.6178010471204188,0.5824417120441516,144,137,234,159,90
A3,123,normal,ISRUC-III-05,914,0.7341356673960613,0.6392495924577047,301,70,267,195,81
A3,2026,normal,MIT-slp02,621,0.6714975845410628,0.3594178613078633,151,32,325,7,106
A3,2026,normal,MIT-slp60,710,0.5028169014084507,0.36582490307045434,286,344,49,0,31
A3,2026,normal,ISRUC-III-04,764,0.5235602094240838,0.49412191544563927,144,137,234,159,90
A3,2026,normal,ISRUC-III-05,914,0.7592997811816192,0.6660157095918694,301,70,267,195,81
A3,ensemble,normal,MIT-slp02,621,0.6908212560386473,0.4506209393592259,151,32,325,7,106
A3,ensemble,normal,MIT-slp60,710,0.5394366197183098,0.3987854408189838,286,344,49,0,31
A3,ensemble,normal,ISRUC-III-04,764,0.6112565445026178,0.5802578625905219,144,137,234,159,90
A3,ensemble,normal,ISRUC-III-05,914,0.7669584245076586,0.648356531192467,301,70,267,195,81
A3,42,hrv_missing,MIT-slp02,621,0.5056360708534622,0.27567511957122315,151,32,325,7,106
A3,42,hrv_missing,MIT-slp60,710,0.680281690140845,0.4126399370719146,286,344,49,0,31
A3,42,hrv_missing,ISRUC-III-04,764,0.5602094240837696,0.5193114244522679,144,137,234,159,90
A3,42,hrv_missing,ISRUC-III-05,914,0.7516411378555798,0.5932271733389826,301,70,267,195,81
A3,123,hrv_missing,MIT-slp02,621,0.42673107890499196,0.20091408481652384,151,32,325,7,106
A3,123,hrv_missing,MIT-slp60,710,0.5577464788732395,0.28758708320766124,286,344,49,0,31
A3,123,hrv_missing,ISRUC-III-04,764,0.5654450261780105,0.5016891882814138,144,137,234,159,90
A3,123,hrv_missing,ISRUC-III-05,914,0.700218818380744,0.5539746585024833,301,70,267,195,81
A3,2026,hrv_missing,MIT-slp02,621,0.7085346215780999,0.38101514616584353,151,32,325,7,106
A3,2026,hrv_missing,MIT-slp60,710,0.5591549295774648,0.38211389429165227,286,344,49,0,31
A3,2026,hrv_missing,ISRUC-III-04,764,0.4816753926701571,0.46106419605744103,144,137,234,159,90
A3,2026,hrv_missing,ISRUC-III-05,914,0.7067833698030634,0.6322590377833671,301,70,267,195,81
A3,ensemble,hrv_missing,MIT-slp02,621,0.5362318840579711,0.25857151591867467,151,32,325,7,106
A3,ensemble,hrv_missing,MIT-slp60,710,0.6957746478873239,0.40998730829467833,286,344,49,0,31
A3,ensemble,hrv_missing,ISRUC-III-04,764,0.5680628272251309,0.5267341789510528,144,137,234,159,90
A3,ensemble,hrv_missing,ISRUC-III-05,914,0.7483588621444202,0.6062500902278429,301,70,267,195,81
A4,42,normal,MIT-slp02,621,0.6602254428341385,0.39393419884465786,151,32,325,7,106
A4,42,normal,MIT-slp60,710,0.5394366197183098,0.37269244461424,286,344,49,0,31
A4,42,normal,ISRUC-III-04,764,0.5510471204188482,0.5424273826662015,144,137,234,159,90
A4,42,normal,ISRUC-III-05,914,0.8008752735229759,0.7269671998871925,301,70,267,195,81
A4,123,normal,MIT-slp02,621,0.5893719806763285,0.3133276176570747,151,32,325,7,106
A4,123,normal,MIT-slp60,710,0.5394366197183098,0.33818412464882636,286,344,49,0,31
A4,123,normal,ISRUC-III-04,764,0.5484293193717278,0.5297767403496206,144,137,234,159,90
A4,123,normal,ISRUC-III-05,914,0.7658643326039387,0.7117102397561702,301,70,267,195,81
A4,2026,normal,MIT-slp02,621,0.6183574879227053,0.3899042397086623,151,32,325,7,106
A4,2026,normal,MIT-slp60,710,0.6098591549295774,0.4077734967858463,286,344,49,0,31
A4,2026,normal,ISRUC-III-04,764,0.5641361256544503,0.5465672738416761,144,137,234,159,90
A4,2026,normal,ISRUC-III-05,914,0.7603938730853391,0.717989409573929,301,70,267,195,81
A4,ensemble,normal,MIT-slp02,621,0.6135265700483091,0.3416280851170149,151,32,325,7,106
A4,ensemble,normal,MIT-slp60,710,0.5577464788732395,0.3706377514684357,286,344,49,0,31
A4,ensemble,normal,ISRUC-III-04,764,0.5680628272251309,0.551190520759054,144,137,234,159,90
A4,ensemble,normal,ISRUC-III-05,914,0.7921225382932167,0.7378826420292021,301,70,267,195,81
A4,42,hrv_missing,MIT-slp02,621,0.391304347826087,0.18473039215686277,151,32,325,7,106
A4,42,hrv_missing,MIT-slp60,710,0.6492957746478873,0.45466230080291997,286,344,49,0,31
A4,42,hrv_missing,ISRUC-III-04,764,0.45418848167539266,0.42608384040891234,144,137,234,159,90
A4,42,hrv_missing,ISRUC-III-05,914,0.7603938730853391,0.632170705767859,301,70,267,195,81
A4,123,hrv_missing,MIT-slp02,621,0.4830917874396135,0.2588777779926887,151,32,325,7,106
A4,123,hrv_missing,MIT-slp60,710,0.6633802816901408,0.42296016590189617,286,344,49,0,31
A4,123,hrv_missing,ISRUC-III-04,764,0.4790575916230366,0.46124412711134494,144,137,234,159,90
A4,123,hrv_missing,ISRUC-III-05,914,0.7210065645514223,0.6334157991331615,301,70,267,195,81
A4,2026,hrv_missing,MIT-slp02,621,0.3993558776167472,0.20300456774993902,151,32,325,7,106
A4,2026,hrv_missing,MIT-slp60,710,0.7169014084507043,0.4285587935380093,286,344,49,0,31
A4,2026,hrv_missing,ISRUC-III-04,764,0.4594240837696335,0.4474544319969221,144,137,234,159,90
A4,2026,hrv_missing,ISRUC-III-05,914,0.7166301969365426,0.624235383444407,301,70,267,195,81
A4,ensemble,hrv_missing,MIT-slp02,621,0.43156199677938806,0.2092434337464555,151,32,325,7,106
A4,ensemble,hrv_missing,MIT-slp60,710,0.7211267605633803,0.4636902639035038,286,344,49,0,31
A4,ensemble,hrv_missing,ISRUC-III-04,764,0.47643979057591623,0.4540833823945186,144,137,234,159,90
A4,ensemble,hrv_missing,ISRUC-III-05,914,0.74945295404814,0.6327656526499472,301,70,267,195,81
A5,42,normal,MIT-slp02,621,0.6602254428341385,0.3780778639932828,151,32,325,7,106
A5,42,normal,MIT-slp60,710,0.5873239436619718,0.430016022725879,286,344,49,0,31
A5,42,normal,ISRUC-III-04,764,0.5314136125654451,0.5039116080165531,144,137,234,159,90
A5,42,normal,ISRUC-III-05,914,0.7680525164113785,0.6747314964885802,301,70,267,195,81
A5,123,normal,MIT-slp02,621,0.7037037037037037,0.5060322875033829,151,32,325,7,106
A5,123,normal,MIT-slp60,710,0.5830985915492958,0.3892235467446023,286,344,49,0,31
A5,123,normal,ISRUC-III-04,764,0.5353403141361257,0.5223369598286542,144,137,234,159,90
A5,123,normal,ISRUC-III-05,914,0.7713347921225383,0.6730649781723412,301,70,267,195,81
A5,2026,normal,MIT-slp02,621,0.6344605475040258,0.39251104504727696,151,32,325,7,106
A5,2026,normal,MIT-slp60,710,0.5577464788732395,0.3915274043983428,286,344,49,0,31
A5,2026,normal,ISRUC-III-04,764,0.581151832460733,0.5577921695288287,144,137,234,159,90
A5,2026,normal,ISRUC-III-05,914,0.7472647702407003,0.6618853919850803,301,70,267,195,81
A5,ensemble,normal,MIT-slp02,621,0.6827697262479872,0.4480190197299011,151,32,325,7,106
A5,ensemble,normal,MIT-slp60,710,0.576056338028169,0.41136322592909413,286,344,49,0,31
A5,ensemble,normal,ISRUC-III-04,764,0.5785340314136126,0.5528142738293257,144,137,234,159,90
A5,ensemble,normal,ISRUC-III-05,914,0.7735229759299781,0.6796967295690206,301,70,267,195,81
A5,42,hrv_missing,MIT-slp02,621,0.5942028985507246,0.3317701052429859,151,32,325,7,106
A5,42,hrv_missing,MIT-slp60,710,0.7647887323943662,0.48616085726486596,286,344,49,0,31
A5,42,hrv_missing,ISRUC-III-04,764,0.49607329842931935,0.46274106755494726,144,137,234,159,90
A5,42,hrv_missing,ISRUC-III-05,914,0.7264770240700219,0.6214230389223128,301,70,267,195,81
A5,123,hrv_missing,MIT-slp02,621,0.6618357487922706,0.3835299496323237,151,32,325,7,106
A5,123,hrv_missing,MIT-slp60,710,0.7140845070422536,0.46045009264089354,286,344,49,0,31
A5,123,hrv_missing,ISRUC-III-04,764,0.5209424083769634,0.5101042549141102,144,137,234,159,90
A5,123,hrv_missing,ISRUC-III-05,914,0.7385120350109409,0.6347749890172529,301,70,267,195,81
A5,2026,hrv_missing,MIT-slp02,621,0.6280193236714976,0.34053742535898596,151,32,325,7,106
A5,2026,hrv_missing,MIT-slp60,710,0.7,0.45110374242119883,286,344,49,0,31
A5,2026,hrv_missing,ISRUC-III-04,764,0.5732984293193717,0.5551380204936307,144,137,234,159,90
A5,2026,hrv_missing,ISRUC-III-05,914,0.7133479212253829,0.6071523880880048,301,70,267,195,81
A5,ensemble,hrv_missing,MIT-slp02,621,0.6747181964573269,0.3683383662614636,151,32,325,7,106
A5,ensemble,hrv_missing,MIT-slp60,710,0.776056338028169,0.501820789379279,286,344,49,0,31
A5,ensemble,hrv_missing,ISRUC-III-04,764,0.5458115183246073,0.5252529735250786,144,137,234,159,90
A5,ensemble,hrv_missing,ISRUC-III-05,914,0.7472647702407003,0.6509905167050225,301,70,267,195,81
A6,42,normal,MIT-slp02,621,0.7326892109500805,0.5178752068137559,151,32,325,7,106
A6,42,normal,MIT-slp60,710,0.49014084507042255,0.39508360538990617,286,344,49,0,31
A6,42,normal,ISRUC-III-04,764,0.5222513089005235,0.4976728261057747,144,137,234,159,90
A6,42,normal,ISRUC-III-05,914,0.7888402625820569,0.7002958463817202,301,70,267,195,81
A6,123,normal,MIT-slp02,621,0.7037037037037037,0.358427589634262,151,32,325,7,106
A6,123,normal,MIT-slp60,710,0.523943661971831,0.3757104346107304,286,344,49,0,31
A6,123,normal,ISRUC-III-04,764,0.581151832460733,0.5653321243221068,144,137,234,159,90
A6,123,normal,ISRUC-III-05,914,0.7582056892778993,0.6205061845735668,301,70,267,195,81
A6,2026,normal,MIT-slp02,621,0.6360708534621579,0.40275704262348666,151,32,325,7,106
A6,2026,normal,MIT-slp60,710,0.5971830985915493,0.4542789507949472,286,344,49,0,31
A6,2026,normal,ISRUC-III-04,764,0.4986910994764398,0.4922552582184504,144,137,234,159,90
A6,2026,normal,ISRUC-III-05,914,0.7713347921225383,0.6888753591723623,301,70,267,195,81
A6,ensemble,normal,MIT-slp02,621,0.7020933977455717,0.42494059417686253,151,32,325,7,106
A6,ensemble,normal,MIT-slp60,710,0.5366197183098591,0.41570245427131713,286,344,49,0,31
A6,ensemble,normal,ISRUC-III-04,764,0.5405759162303665,0.5219282219438033,144,137,234,159,90
A6,ensemble,normal,ISRUC-III-05,914,0.7975929978118161,0.6956826012879501,301,70,267,195,81
A6,42,hrv_missing,MIT-slp02,621,0.7246376811594203,0.39594233228694337,151,32,325,7,106
A6,42,hrv_missing,MIT-slp60,710,0.6577464788732394,0.46627067196918154,286,344,49,0,31
A6,42,hrv_missing,ISRUC-III-04,764,0.5,0.4806326712268828,144,137,234,159,90
A6,42,hrv_missing,ISRUC-III-05,914,0.7614879649890591,0.6647647525054051,301,70,267,195,81
A6,123,hrv_missing,MIT-slp02,621,0.6521739130434783,0.32292521613453584,151,32,325,7,106
A6,123,hrv_missing,MIT-slp60,710,0.6323943661971831,0.4398036823556997,286,344,49,0,31
A6,123,hrv_missing,ISRUC-III-04,764,0.5602094240837696,0.5452562309900881,144,137,234,159,90
A6,123,hrv_missing,ISRUC-III-05,914,0.7275711159737418,0.5959664357906502,301,70,267,195,81
A6,2026,hrv_missing,MIT-slp02,621,0.6392914653784219,0.32931296884107375,151,32,325,7,106
A6,2026,hrv_missing,MIT-slp60,710,0.723943661971831,0.5247875158099762,286,344,49,0,31
A6,2026,hrv_missing,ISRUC-III-04,764,0.4895287958115183,0.48522496433902457,144,137,234,159,90
A6,2026,hrv_missing,ISRUC-III-05,914,0.7439824945295405,0.6383860324957096,301,70,267,195,81
A6,ensemble,hrv_missing,MIT-slp02,621,0.6811594202898551,0.34905318247531175,151,32,325,7,106
A6,ensemble,hrv_missing,MIT-slp60,710,0.7154929577464789,0.5029719726370294,286,344,49,0,31
A6,ensemble,hrv_missing,ISRUC-III-04,764,0.5170157068062827,0.5022987843437217,144,137,234,159,90
A6,ensemble,hrv_missing,ISRUC-III-05,914,0.7691466083150985,0.6494954498713031,301,70,267,195,81
