variant,seed,condition,accuracy,macro_f1,balanced_accuracy,kappa
A0,42,normal,0.6733133931538717,0.5987842480564766,0.5843609936382245,0.565995499794945
A0,123,normal,0.669657693585909,0.596304977912313,0.5833320712546703,0.5630950490661444
A0,2026,normal,0.6686606846128281,0.6021497599308276,0.5873861269284674,0.5622922784599028
A0,ensemble,normal,0.6925888999667663,0.6120276838125251,0.5999416468666217,0.5922817980865996
A0,42,hrv_missing,0.6733133931538717,0.5987842480564766,0.5843609936382245,0.565995499794945
A0,123,hrv_missing,0.669657693585909,0.596304977912313,0.5833320712546703,0.5630950490661444
A0,2026,hrv_missing,0.6686606846128281,0.6021497599308276,0.5873861269284674,0.5622922784599028
A0,ensemble,hrv_missing,0.6925888999667663,0.6120276838125251,0.5999416468666217,0.5922817980865996
A1,42,normal,0.6882685277500831,0.6326178350429827,0.6193250743542071,0.5905711493894055
A1,123,normal,0.6759720837487537,0.6269486663388857,0.6115455506191332,0.5732423370832411
A1,2026,normal,0.6523762047191758,0.5918411542277954,0.5790026037809329,0.5425667278580624
A1,ensemble,normal,0.7022266533732137,0.640707984472542,0.6269931627884933,0.6078088410240834
A1,42,hrv_missing,0.6882685277500831,0.6326178350429827,0.6193250743542071,0.5905711493894055
A1,123,hrv_missing,0.6759720837487537,0.6269486663388857,0.6115455506191332,0.5732423370832411
A1,2026,hrv_missing,0.6523762047191758,0.5918411542277954,0.5790026037809329,0.5425667278580624
A1,ensemble,hrv_missing,0.7022266533732137,0.640707984472542,0.6269931627884933,0.6078088410240834
A2,42,normal,0.34729145895646396,0.28204682869420444,0.2972832522719076,0.13491131622920693
A2,123,normal,0.3911598537720173,0.3361502905603755,0.351264363753544,0.19123227859522796
A2,2026,normal,0.3522765038218677,0.2823595277757147,0.2953007315832322,0.1357905328279413
A2,ensemble,normal,0.3665669657693586,0.30301129729545473,0.3165110762694533,0.15567070775713876
A2,42,hrv_missing,0.11997341309405118,0.0428486646884273,0.2,0.0
A2,123,hrv_missing,0.290794283815221,0.09011328527291453,0.2,0.0
A2,2026,hrv_missing,0.290794283815221,0.09011328527291453,0.2,0.0
A2,ensemble,hrv_missing,0.11997341309405118,0.0428486646884273,0.2,0.0
A3,42,normal,0.6630109670987039,0.6175532300921004,0.6033921472411172,0.5553249928513903
A3,123,normal,0.6360917248255235,0.5690978104727085,0.5583101465774902,0.5151533389526027
A3,2026,normal,0.6208042539049519,0.5500125006192521,0.5346367593452824,0.49598352510540866
A3,ensemble,normal,0.6580259222333001,0.5936471643913525,0.5790667958581287,0.5446794856429515
A3,42,hrv_missing,0.635427052176803,0.559211455365247,0.5646193219025588,0.5170391797104756
A3,123,hrv_missing,0.5759388501163177,0.4827584415415164,0.48144662399711036,0.4299185119348642
A3,2026,hrv_missing,0.6151545363908275,0.5621491551823944,0.5525278283514061,0.49665010946245314
A3,ensemble,hrv_missing,0.6463941508806913,0.5619734248314677,0.5645350784286923,0.5307625034570911
A4,42,normal,0.6467264872050515,0.5961723126356102,0.5922199067959257,0.534515901584592
A4,123,normal,0.6208042539049519,0.5689773723226648,0.5519136121728292,0.4957192370608067
A4,2026,normal,0.6457294782319708,0.6049813126063016,0.5871911427373121,0.5311518023852895
A4,ensemble,normal,0.6430707876370887,0.5938704130720271,0.5767211220897134,0.5257841877877395
A4,42,hrv_missing,0.580259222333001,0.5104363283733466,0.4997828503128665,0.442057382086545
A4,123,hrv_missing,0.5968760385510137,0.532266848629312,0.5190775281704522,0.4668265054897668
A4,2026,hrv_missing,0.5859089398471253,0.5211575202337089,0.5159675612249909,0.4553021687295914
A4,ensemble,hrv_missing,0.6078431372549019,0.531419798367172,0.523774017968784,0.48035537485812885
A5,42,normal,0.6430707876370887,0.5832129382386648,0.5657664087825888,0.5266352327006991
A5,123,normal,0.6530408773678963,0.597809148297177,0.5833352229884953,0.5404811277257546
A5,2026,normal,0.6370887337986042,0.5788884898277117,0.5635844886379057,0.5171252429012152
A5,ensemble,normal,0.6586905948820206,0.5980208645285255,0.581268213794437,0.5461394484838284
A5,42,hrv_missing,0.6497175141242938,0.5809013992676839,0.5711003263757652,0.5400130244404059
A5,123,hrv_missing,0.6616816218012629,0.6043024850271351,0.5885003060706788,0.5539646557162021
A5,2026,hrv_missing,0.6570289132602194,0.6004389280338156,0.5874101635910538,0.5489099668577629
A5,ensemble,hrv_missing,0.6879361914257228,0.6232173042551911,0.6111640846744295,0.5894081896866792
A6,42,normal,0.6390827517447657,0.5876831030542482,0.5735473615880452,0.5226245312288403
A6,123,normal,0.6467264872050515,0.5806674978033405,0.5673587094248301,0.5307688730458955
A6,2026,normal,0.6331006979062812,0.5816995051412923,0.5666402293623594,0.5162733751707165
A6,ensemble,normal,0.6510468594217348,0.5862153136594628,0.5713563450318795,0.5367733314449162
A6,42,hrv_missing,0.6630109670987039,0.6070861604599573,0.5920851365485812,0.5577088554308385
A6,123,hrv_missing,0.6470588235294118,0.5854318578298269,0.568957338530901,0.5328459406357449
A6,2026,hrv_missing,0.6530408773678963,0.5965987629076713,0.5835470761575308,0.5442641976956399
A6,ensemble,hrv_missing,0.6743104021269525,0.6094364762277693,0.5954353248576243,0.5711021877596233
